created_on,inherit_members,parent_id,is_public,name,updated_on,status,id,parent_name,identifier,description
2023-09-14T13:01:50Z,False,-1,True,Data_Project,2023-09-14T13:01:50Z,1,11,,data_project,
2023-09-29T18:24:52Z,False,-1,True,labtest,2023-09-29T18:24:52Z,1,12,,labtest,
2023-09-29T18:29:03Z,False,-1,True,loo,2023-09-29T18:29:03Z,1,13,,loo,
2023-08-05T18:56:52Z,False,-1,True,Project 10,2023-08-05T18:56:52Z,1,9,,project-10,
2023-08-05T18:50:14Z,False,-1,True,Project 2,2023-08-05T18:50:14Z,1,2,,project-2,
2023-08-05T18:50:38Z,False,-1,True,Project 3,2023-08-05T18:50:38Z,1,3,,project-3,
2023-08-05T18:50:59Z,False,-1,True,Project 4,2023-08-05T18:50:59Z,1,4,,project-4,
2023-08-05T18:51:13Z,False,-1,True,Project 5,2023-08-05T18:51:13Z,1,5,,project-5,
2023-08-05T18:51:34Z,False,-1,True,Project 6,2023-08-05T18:51:34Z,1,6,,project-6,
2023-08-05T18:51:57Z,False,-1,True,Project 7,2023-08-05T18:51:57Z,1,7,,project-7,
2023-08-05T18:56:26Z,False,-1,True,Project 8,2023-08-05T18:56:26Z,1,8,,project-8,
2023-08-05T18:36:28Z,False,-1,True,Prueba uno,2023-08-05T18:36:28Z,1,1,,prueba-uno,
2023-08-08T20:04:45Z,False,-1,False,test,2023-09-29T19:22:49Z,1,10,,test,
